{"stats":{"minecraft:mined":{"minecraft:orange_concrete":9,"minecraft:redstone_block":13,"minecraft:tuff":28,"minecraft:gray_concrete_powder":20,"minecraft:gray_concrete":3,"minecraft:mud":27,"minecraft:andesite":24,"minecraft:orange_wool":4,"minecraft:light_gray_concrete_powder":19,"minecraft:smooth_red_sandstone":5,"minecraft:shroomlight":2,"minecraft:light_gray_concrete":6,"minecraft:gravel":24,"minecraft:cobblestone":1,"minecraft:smooth_basalt":26,"minecraft:stone":121,"minecraft:deepslate":23},"minecraft:killed_by":{"minecraft:player":3},"minecraft:picked_up":{"minecraft:mud":25,"minecraft:redstone_block":13,"minecraft:smooth_basalt":23,"minecraft:smooth_red_sandstone":5,"minecraft:andesite":21,"minecraft:gravel":20,"minecraft:flint":2,"minecraft:tuff":26,"minecraft:gray_concrete":3,"minecraft:orange_wool":4,"minecraft:light_gray_concrete_powder":18,"minecraft:orange_concrete":9,"minecraft:gray_concrete_powder":18,"minecraft:light_gray_concrete":6,"minecraft:shroomlight":2,"minecraft:cobbled_deepslate":21,"minecraft:cobblestone":111},"minecraft:custom":{"minecraft:time_since_rest":43384,"minecraft:sprint_one_cm":139692,"minecraft:damage_taken":1025,"minecraft:walk_one_cm":318677,"minecraft:damage_dealt":576,"minecraft:fly_one_cm":750208,"minecraft:player_kills":3,"minecraft:crouch_one_cm":1817,"minecraft:play_time":293674,"minecraft:deaths":7,"minecraft:sneak_time":2727,"minecraft:walk_under_water_one_cm":400,"minecraft:jump":1066,"minecraft:leave_game":2,"minecraft:walk_on_water_one_cm":246,"minecraft:time_since_death":43335,"minecraft:total_world_time":293674,"minecraft:fall_one_cm":15639},"minecraft:used":{"minecraft:deepslate_tiles":1,"minecraft:diamond_pickaxe":290,"minecraft:stone_sword":49,"minecraft:orange_concrete":1,"minecraft:command_block":7,"minecraft:armor_stand":3,"minecraft:prismarine":113,"minecraft:oak_button":2,"minecraft:red_nether_bricks":135,"minecraft:iron_pickaxe":66,"minecraft:stone":2,"minecraft:redstone_block":11,"minecraft:smooth_basalt":20,"minecraft:magma_block":1,"minecraft:cobblestone":1},"minecraft:killed":{"minecraft:player":3}},"DataVersion":3578}