{"stats":{"minecraft:used":{"minecraft:stripped_acacia_wood":2,"minecraft:orange_concrete_powder":5,"minecraft:red_sand":1,"minecraft:dead_tube_coral_block":1,"minecraft:polished_deepslate":73,"minecraft:orange_concrete":6,"minecraft:flint_and_steel":112,"minecraft:red_concrete":256,"minecraft:dead_horn_coral_block":1,"minecraft:carrot_on_a_stick":18,"minecraft:polished_basalt":43,"minecraft:stripped_warped_stem":9,"minecraft:shield":11,"minecraft:tinted_glass":232,"minecraft:ender_chest":1,"minecraft:stone":335,"minecraft:sculk":117,"minecraft:warped_sign":17,"minecraft:red_nether_brick_stairs":8,"minecraft:quartz_stairs":8,"minecraft:stripped_crimson_stem":18,"minecraft:debug_stick":68,"minecraft:oxidized_cut_copper":11,"minecraft:dirt":1,"minecraft:cut_copper":16,"minecraft:prismarine_bricks":1014,"minecraft:prismarine_brick_stairs":3,"minecraft:orange_wool":32,"minecraft:tuff":5,"minecraft:light_blue_stained_glass":13,"minecraft:dead_brain_coral_block":2,"minecraft:snowball":645,"minecraft:milk_bucket":1,"minecraft:polished_diorite":1,"minecraft:shroomlight":36,"minecraft:glass":100,"minecraft:packed_ice":128,"minecraft:sea_lantern":208,"minecraft:cyan_terracotta":1,"minecraft:lava_bucket":3869,"minecraft:quartz_pillar":1,"minecraft:waxed_cut_copper":114,"minecraft:iron_axe":13,"minecraft:yellow_stained_glass":14,"minecraft:iron_block":1,"minecraft:grass_block":39,"minecraft:quartz_block":8,"minecraft:iron_helmet":1,"minecraft:gray_concrete_powder":5,"minecraft:smooth_quartz":4,"minecraft:barrel":2,"minecraft:smooth_basalt":11,"minecraft:light_gray_wool":1,"minecraft:waxed_cut_copper_slab":48,"minecraft:magma_block":493,"minecraft:glowstone":43,"minecraft:redstone_lamp":2,"minecraft:red_nether_brick_wall":7,"minecraft:honeycomb_block":1,"minecraft:lime_concrete":16,"minecraft:bow":117,"minecraft:yellow_glazed_terracotta":1,"minecraft:lime_stained_glass":13,"minecraft:deepslate_tile_stairs":28,"minecraft:gold_block":10,"minecraft:acacia_wood":52,"minecraft:cooked_beef":3,"minecraft:pearlescent_froglight":20,"minecraft:dead_bubble_coral_block":1,"minecraft:cobbled_deepslate":1,"minecraft:orange_terracotta":1,"minecraft:dark_prismarine_stairs":22,"minecraft:lime_glazed_terracotta":1,"minecraft:calcite":3,"minecraft:crimson_hanging_sign":2,"minecraft:water_bucket":821,"minecraft:waxed_oxidized_cut_copper_slab":16,"minecraft:tube_coral_block":3,"minecraft:warped_hanging_sign":7,"minecraft:prismarine_brick_slab":38,"minecraft:stripped_birch_log":10,"minecraft:red_stained_glass":17,"minecraft:prismarine":608,"minecraft:red_nether_bricks":179,"minecraft:prismarine_stairs":10,"minecraft:waxed_oxidized_cut_copper":30,"minecraft:blackstone":149,"minecraft:iron_golem_spawn_egg":17,"minecraft:sandstone":821,"minecraft:redstone_block":28,"minecraft:structure_void":54,"minecraft:red_glazed_terracotta":1,"minecraft:glow_ink_sac":2,"minecraft:pink_concrete":55,"minecraft:diamond_block":70,"minecraft:vine":64,"minecraft:light_blue_concrete":85,"minecraft:dead_fire_coral_block":1,"minecraft:smooth_red_sandstone":2,"minecraft:bamboo_block":9,"minecraft:acacia_leaves":32,"minecraft:yellow_concrete":17,"minecraft:blue_ice":90,"minecraft:sponge":202,"minecraft:light_gray_concrete_powder":3,"minecraft:chiseled_quartz_block":7,"minecraft:ochre_froglight":1,"minecraft:gray_concrete":1,"minecraft:painting":20,"minecraft:deepslate_tiles":365,"minecraft:mud":3,"minecraft:enderman_spawn_egg":10,"minecraft:dark_prismarine":541,"minecraft:lever":1,"minecraft:blue_glazed_terracotta":1,"minecraft:ender_eye":12,"minecraft:diamond_pickaxe":4,"minecraft:black_concrete":156,"minecraft:firework_rocket":227,"minecraft:crying_obsidian":61,"minecraft:command_block":15,"minecraft:cracked_polished_blackstone_bricks":156,"minecraft:barrier":469,"minecraft:oak_button":3,"minecraft:iron_pickaxe":7,"minecraft:prismarine_wall":6,"minecraft:deepslate":2,"minecraft:gravel":5,"minecraft:crimson_sign":10,"minecraft:nether_wart_block":4,"minecraft:wooden_sword":299,"minecraft:cobblestone":1,"minecraft:andesite":20,"minecraft:white_stained_glass":4,"minecraft:waxed_oxidized_cut_copper_stairs":204,"minecraft:lapis_block":6,"minecraft:glass_pane":13,"minecraft:ice":2,"minecraft:end_portal_frame":12,"minecraft:waxed_cut_copper_stairs":27,"minecraft:white_concrete":356,"minecraft:gray_wool":1,"minecraft:splash_potion":1},"minecraft:killed":{"minecraft:pig":1,"minecraft:iron_golem":12},"minecraft:dropped":{"minecraft:iron_leggings":1,"minecraft:wooden_sword":4,"minecraft:iron_pickaxe":1,"minecraft:stone_sword":2,"minecraft:leather_chestplate":1,"minecraft:leather_boots":1},"minecraft:custom":{"minecraft:mob_kills":15,"minecraft:open_barrel":4,"minecraft:leave_game":22,"minecraft:time_since_death":3416551,"minecraft:sprint_one_cm":1049961,"minecraft:damage_blocked_by_shield":247,"minecraft:walk_one_cm":1439844,"minecraft:drop":14,"minecraft:play_time":3416553,"minecraft:walk_under_water_one_cm":59657,"minecraft:sneak_time":42223,"minecraft:jump":3329,"minecraft:walk_on_water_one_cm":46138,"minecraft:total_world_time":3495482,"minecraft:time_since_rest":3416553,"minecraft:damage_taken":785,"minecraft:open_enderchest":1,"minecraft:damage_dealt":12050,"minecraft:fly_one_cm":8853385,"minecraft:swim_one_cm":1158,"minecraft:player_kills":3,"minecraft:crouch_one_cm":66359,"minecraft:aviate_one_cm":498287,"minecraft:fall_one_cm":20475},"minecraft:picked_up":{"minecraft:redstone_block":4,"immersive_portals:command_stick":2,"minecraft:shield":1,"minecraft:iron_axe":1,"minecraft:wooden_sword":4,"minecraft:iron_leggings":2,"minecraft:bucket":1,"minecraft:poppy":14,"minecraft:iron_pickaxe":2,"minecraft:stick":3,"minecraft:sandstone":442,"minecraft:porkchop":2,"minecraft:stone_sword":2,"minecraft:arrow":61,"minecraft:warped_sign":1,"minecraft:mutton":6,"minecraft:white_wool":1,"minecraft:leather_chestplate":1,"minecraft:cooked_beef":63,"minecraft:lantern":917,"minecraft:leather_boots":1,"minecraft:apple":1,"minecraft:bow":1,"minecraft:iron_ingot":59,"minecraft:iron_sword":1,"immersive_portals:portal_wand":1,"minecraft:smooth_basalt":1,"minecraft:lava_bucket":1,"minecraft:black_concrete":1,"minecraft:soul_lantern":940,"minecraft:iron_helmet":1,"minecraft:oak_sapling":11},"minecraft:mined":{"minecraft:sandstone":6,"minecraft:redstone_block":4,"minecraft:smooth_basalt":1}},"DataVersion":3578}