{"stats":{"minecraft:crafted":{"minecraft:leather_leggings":8,"minecraft:leather_boots":8,"minecraft:leather_helmet":8,"minecraft:iron_boots":1,"minecraft:iron_chestplate":1,"minecraft:leather_chestplate":9,"minecraft:iron_leggings":1},"minecraft:mined":{"minecraft:tuff":22,"minecraft:redstone_block":1,"minecraft:light_gray_concrete_powder":24,"minecraft:orange_concrete":3,"minecraft:gray_concrete_powder":17,"minecraft:mud":24,"minecraft:andesite":9,"minecraft:light_gray_concrete":1,"minecraft:gravel":15,"minecraft:smooth_basalt":28,"minecraft:stone":82,"minecraft:deepslate":15},"minecraft:killed_by":{"minecraft:player":4},"minecraft:dropped":{"minecraft:wayfinder_armor_trim_smithing_template":1,"minecraft:leather_helmet":1},"minecraft:picked_up":{"minecraft:mud":24,"minecraft:redstone_block":2,"minecraft:splash_potion":1,"minecraft:andesite":9,"minecraft:tuff":24,"minecraft:flint":1,"minecraft:orange_concrete":3,"minecraft:gray_concrete_powder":17,"minecraft:light_gray_concrete_powder":25,"minecraft:red_nether_bricks":1,"minecraft:armor_stand":1,"minecraft:cobbled_deepslate":15,"minecraft:redstone_torch":1,"minecraft:powered_rail":3,"minecraft:prismarine":1,"minecraft:sandstone":1,"minecraft:smooth_basalt":28,"minecraft:oak_fence":1,"minecraft:gravel":14,"minecraft:porkchop":3,"minecraft:diamond_block":1,"minecraft:zombie_spawn_egg":1,"minecraft:light_gray_concrete":1,"minecraft:repeating_command_block":1,"minecraft:command_block":1,"minecraft:rotten_flesh":3,"minecraft:cobblestone":86},"minecraft:used":{"minecraft:oak_fence":15,"minecraft:waxed_oxidized_cut_copper_slab":6,"minecraft:stone_sword":8,"minecraft:cobblestone_stairs":19,"minecraft:armor_stand":36,"minecraft:prismarine":63,"minecraft:redstone":32,"minecraft:powered_rail":6,"minecraft:red_nether_bricks":92,"minecraft:blue_wool":24,"minecraft:sandstone":24,"minecraft:stone":529,"minecraft:zombie_spawn_egg":6,"minecraft:redstone_block":8,"minecraft:iron_chestplate":1,"minecraft:sculk_sensor":1,"minecraft:torch":3,"minecraft:diamond_block":13,"minecraft:anvil":1,"minecraft:crafting_table":3,"minecraft:prismarine_bricks":8,"minecraft:orange_wool":30,"minecraft:gray_concrete":1,"minecraft:painting":4,"minecraft:redstone_torch":22,"minecraft:diamond_pickaxe":166,"minecraft:sticky_piston":5,"minecraft:piston":1,"minecraft:dark_prismarine":6,"minecraft:lever":4,"minecraft:light":23,"minecraft:sea_lantern":11,"minecraft:command_block":2,"minecraft:red_wool":24,"minecraft:iron_pickaxe":94,"minecraft:pig_spawn_egg":1,"minecraft:netherite_axe":23,"minecraft:iron_boots":1,"minecraft:oak_pressure_plate":1,"minecraft:deepslate":16,"minecraft:smooth_basalt":10,"minecraft:cobblestone":53,"minecraft:bow":33,"minecraft:smithing_table":1,"minecraft:andesite":5,"minecraft:lapis_block":16,"minecraft:minecart":2,"minecraft:repeating_command_block":1,"minecraft:stone_pressure_plate":5,"minecraft:dark_prismarine_stairs":34,"minecraft:splash_potion":2,"minecraft:purple_wool":11,"minecraft:iron_leggings":1},"minecraft:custom":{"minecraft:interact_with_smithing_table":12,"minecraft:interact_with_anvil":2,"minecraft:mob_kills":4,"minecraft:interact_with_crafting_table":6,"minecraft:leave_game":2,"minecraft:time_since_death":26974,"minecraft:time_since_rest":27011,"minecraft:sprint_one_cm":204661,"minecraft:damage_taken":1370,"minecraft:walk_one_cm":427766,"minecraft:drop":2,"minecraft:damage_dealt":3138,"minecraft:fly_one_cm":1317581,"minecraft:player_kills":10,"minecraft:crouch_one_cm":11263,"minecraft:play_time":457855,"minecraft:deaths":11,"minecraft:sneak_time":7446,"minecraft:jump":1923,"minecraft:walk_on_water_one_cm":1100,"minecraft:total_world_time":457855,"minecraft:fall_one_cm":36527},"minecraft:killed":{"minecraft:pig":1,"minecraft:giant":1,"minecraft:zombie":1,"minecraft:player":10}},"DataVersion":3578}