{"stats":{"minecraft:mined":{"minecraft:tuff":11,"minecraft:gray_concrete_powder":15,"minecraft:gravel":8,"minecraft:mud":10,"minecraft:smooth_basalt":6,"minecraft:andesite":6,"minecraft:deepslate":9,"minecraft:light_gray_concrete_powder":17},"minecraft:killed_by":{"minecraft:player":10},"minecraft:used":{"minecraft:iron_chestplate":1,"minecraft:command_block":1,"minecraft:oak_button":5,"minecraft:iron_pickaxe":112,"minecraft:stripped_oak_log":2,"minecraft:iron_boots":1,"minecraft:iron_leggings":1},"minecraft:custom":{"minecraft:time_since_rest":78670,"minecraft:crouch_one_cm":1385,"minecraft:sprint_one_cm":231708,"minecraft:play_time":303870,"minecraft:deaths":18,"minecraft:damage_taken":3230,"minecraft:walk_one_cm":121726,"minecraft:sneak_time":620,"minecraft:jump":1989,"minecraft:damage_dealt":1192,"minecraft:leave_game":9,"minecraft:time_since_death":76709,"minecraft:total_world_time":303870,"minecraft:fly_one_cm":543075,"minecraft:fall_one_cm":51750,"minecraft:player_kills":5},"minecraft:picked_up":{"minecraft:light_gray_concrete_powder":18,"minecraft:gray_concrete_powder":15,"minecraft:smooth_basalt":6,"minecraft:mud":10,"minecraft:andesite":6,"minecraft:cobbled_deepslate":9,"minecraft:gravel":9,"minecraft:tuff":11,"minecraft:oak_button":5},"minecraft:killed":{"minecraft:player":5}},"DataVersion":3578}