{"stats":{"minecraft:crafted":{"minecraft:netherite_boots":1,"minecraft:leather_leggings":2,"minecraft:leather_boots":2,"minecraft:leather_chestplate":2,"minecraft:leather_helmet":8,"minecraft:air":0},"minecraft:killed_by":{"minecraft:player":1},"minecraft:picked_up":{"minecraft:redstone":16,"minecraft:stone_pressure_plate":1,"minecraft:leather_helmet":1,"minecraft:wayfinder_armor_trim_smithing_template":1,"minecraft:item_frame":1,"minecraft:sticky_piston":1,"minecraft:rotten_flesh":1,"minecraft:redstone_torch":2,"minecraft:warped_roots":35},"minecraft:used":{"minecraft:mud":2,"minecraft:dark_prismarine":1,"minecraft:water_bucket":1,"minecraft:leather_leggings":1,"minecraft:orange_concrete":10,"minecraft:light_gray_concrete":1,"minecraft:armor_stand":6,"minecraft:prismarine":3,"minecraft:iron_helmet":1,"minecraft:cyan_concrete":1,"minecraft:leather_chestplate":1,"minecraft:sandstone":19,"minecraft:stone":29,"minecraft:redstone_block":4,"minecraft:leather_boots":1,"minecraft:smooth_basalt":15,"minecraft:item_frame":16,"minecraft:stripped_warped_hyphae":1,"minecraft:light_blue_concrete":1,"minecraft:crafting_table":1,"minecraft:oxidized_copper":1,"minecraft:prismarine_bricks":1,"minecraft:smithing_table":2,"minecraft:light_blue_wool":1,"minecraft:andesite":12,"minecraft:lapis_block":1,"minecraft:orange_wool":10,"minecraft:sponge":90,"minecraft:cyan_wool":1,"minecraft:blue_concrete":1,"minecraft:dark_prismarine_stairs":7,"minecraft:chainmail_leggings":1},"minecraft:custom":{"minecraft:time_since_rest":114513,"minecraft:interact_with_smithing_table":6,"minecraft:sprint_one_cm":28418,"minecraft:damage_taken":276,"minecraft:walk_one_cm":74542,"minecraft:mob_kills":1,"minecraft:damage_dealt":35,"minecraft:swim_one_cm":11583,"minecraft:interact_with_crafting_table":4,"minecraft:fly_one_cm":480633,"minecraft:crouch_one_cm":5129,"minecraft:play_time":307563,"minecraft:deaths":3,"minecraft:sneak_time":3527,"minecraft:walk_under_water_one_cm":75217,"minecraft:jump":117,"minecraft:leave_game":2,"minecraft:walk_on_water_one_cm":24819,"minecraft:time_since_death":111650,"minecraft:total_world_time":307563,"minecraft:fall_one_cm":406},"minecraft:killed":{"minecraft:zombie":1}},"DataVersion":3578}