{"stats":{"minecraft:mined":{"minecraft:sandstone":6},"minecraft:killed_by":{"minecraft:player":3},"minecraft:picked_up":{"minecraft:iron_chestplate":2,"minecraft:sandstone":256,"minecraft:cooked_beef":127,"minecraft:shield":1,"minecraft:redstone":3,"minecraft:iron_axe":2,"minecraft:iron_leggings":2,"minecraft:arrow":704,"minecraft:bow":1,"minecraft:iron_helmet":2,"minecraft:iron_pickaxe":1,"minecraft:iron_sword":2,"minecraft:iron_boots":2},"minecraft:custom":{"minecraft:time_since_rest":171528,"minecraft:sprint_one_cm":128832,"minecraft:damage_taken":1139,"minecraft:walk_one_cm":483989,"minecraft:damage_blocked_by_shield":170,"minecraft:trigger_trapped_chest":6,"minecraft:damage_dealt":275,"minecraft:fly_one_cm":605015,"minecraft:open_barrel":1,"minecraft:crouch_one_cm":12139,"minecraft:play_time":203908,"minecraft:deaths":6,"minecraft:sneak_time":842,"minecraft:walk_under_water_one_cm":2276,"minecraft:jump":575,"minecraft:leave_game":7,"minecraft:walk_on_water_one_cm":2525,"minecraft:time_since_death":171467,"minecraft:total_world_time":203953,"minecraft:inspect_dispenser":5},"minecraft:used":{"minecraft:redstone_torch":5,"minecraft:oak_log":5,"minecraft:black_concrete":2,"minecraft:lava_bucket":5,"minecraft:command_block":1,"minecraft:iron_axe":8,"minecraft:grass_block":2,"minecraft:dispenser":13,"minecraft:redstone":45,"minecraft:prismarine":6,"minecraft:red_nether_bricks":5,"minecraft:iron_pickaxe":6,"minecraft:iron_helmet":2,"minecraft:shield":2,"minecraft:sandstone":37,"minecraft:iron_sword":5,"minecraft:redstone_block":1,"minecraft:iron_boots":2,"minecraft:crimson_sign":2,"minecraft:iron_chestplate":2,"minecraft:redstone_lamp":37,"minecraft:comparator":2,"minecraft:bow":6,"minecraft:bucket":5,"minecraft:orange_wool":1,"minecraft:trapped_chest":1,"minecraft:cooked_beef":1,"minecraft:observer":5,"minecraft:iron_leggings":2}},"DataVersion":3578}