{"stats":{"minecraft:picked_up":{"minecraft:command_block":1,"minecraft:orange_concrete_powder":1},"minecraft:custom":{"minecraft:jump":50,"minecraft:time_since_rest":51048,"minecraft:damage_taken":1010,"minecraft:crouch_one_cm":1511,"minecraft:leave_game":2,"minecraft:play_time":273315,"minecraft:sprint_one_cm":9656,"minecraft:time_since_death":50982,"minecraft:walk_one_cm":7488,"minecraft:deaths":2,"minecraft:sneak_time":2213,"minecraft:total_world_time":273841,"minecraft:fall_one_cm":10641,"minecraft:fly_one_cm":1279713},"minecraft:used":{"minecraft:tuff":1,"minecraft:andesite":1,"minecraft:sandstone":28,"minecraft:stone":2,"minecraft:light_blue_concrete":10,"minecraft:command_block":1,"minecraft:red_concrete":11}},"DataVersion":3578}